{
  "format": "float32_le",
  "source": "terrarium",
  "z": 5,
  "x": 31,
  "y": 11,
  "width": 256,
  "height": 256,
  "min_elevation_m": -8276.0,
  "max_elevation_m": 150.0,
  "bounds": {
    "west": 168.75,
    "east": 180.0,
    "north": 48.92249926375824,
    "south": 40.97989806962013
  },
  "data_file": "11.dem.bin"
}