{
  "format": "float32_le",
  "source": "terrarium",
  "z": 5,
  "x": 31,
  "y": 12,
  "width": 256,
  "height": 256,
  "min_elevation_m": -6552.0,
  "max_elevation_m": 43.0,
  "bounds": {
    "west": 168.75,
    "east": 180.0,
    "north": 40.97989806962013,
    "south": 31.952162238024968
  },
  "data_file": "12.dem.bin"
}