{
  "format": "float32_le",
  "source": "terrarium",
  "z": 5,
  "x": 25,
  "y": 11,
  "width": 256,
  "height": 256,
  "min_elevation_m": 695.0,
  "max_elevation_m": 3201.0,
  "bounds": {
    "west": 101.25,
    "east": 112.5,
    "north": 48.92249926375824,
    "south": 40.97989806962013
  },
  "data_file": "11.dem.bin"
}