{
  "format": "float32_le",
  "source": "terrarium",
  "z": 7,
  "x": 88,
  "y": 50,
  "width": 256,
  "height": 256,
  "min_elevation_m": 401.0,
  "max_elevation_m": 5401.0,
  "bounds": {
    "west": 67.5,
    "east": 70.3125,
    "north": 36.59788913307021,
    "south": 34.30714385628804
  },
  "data_file": "50.dem.bin"
}