{
  "format": "float32_le",
  "source": "terrarium",
  "z": 7,
  "x": 88,
  "y": 52,
  "width": 256,
  "height": 256,
  "min_elevation_m": 122.0,
  "max_elevation_m": 3330.0,
  "bounds": {
    "west": 67.5,
    "east": 70.3125,
    "north": 31.952162238024968,
    "south": 29.535229562948455
  },
  "data_file": "52.dem.bin"
}