{
  "format": "float32_le",
  "source": "terrarium",
  "z": 7,
  "x": 88,
  "y": 54,
  "width": 256,
  "height": 256,
  "min_elevation_m": -75.0,
  "max_elevation_m": 1017.0,
  "bounds": {
    "west": 67.5,
    "east": 70.3125,
    "north": 27.059125784374054,
    "south": 24.5271348225978
  },
  "data_file": "54.dem.bin"
}