{
  "format": "float32_le",
  "source": "terrarium",
  "z": 5,
  "x": 26,
  "y": 11,
  "width": 256,
  "height": 256,
  "min_elevation_m": -4.0,
  "max_elevation_m": 2067.0,
  "bounds": {
    "west": 112.5,
    "east": 123.75,
    "north": 48.92249926375824,
    "south": 40.97989806962013
  },
  "data_file": "11.dem.bin"
}