{
  "format": "float32_le",
  "source": "terrarium",
  "z": 5,
  "x": 26,
  "y": 13,
  "width": 256,
  "height": 256,
  "min_elevation_m": -6340.0,
  "max_elevation_m": 3075.0,
  "bounds": {
    "west": 112.5,
    "east": 123.75,
    "north": 31.952162238024968,
    "south": 21.943045533438177
  },
  "data_file": "13.dem.bin"
}