{
  "format": "float32_le",
  "source": "terrarium",
  "z": 10,
  "x": 731,
  "y": 416,
  "width": 256,
  "height": 256,
  "min_elevation_m": 773.0,
  "max_elevation_m": 4036.0,
  "bounds": {
    "west": 76.9921875,
    "east": 77.34375,
    "north": 31.952162238024968,
    "south": 31.653381399663985
  },
  "data_file": "416.dem.bin"
}