{
  "format": "float32_le",
  "source": "terrarium",
  "z": 5,
  "x": 23,
  "y": 13,
  "width": 256,
  "height": 256,
  "min_elevation_m": -1.0,
  "max_elevation_m": 7188.0,
  "bounds": {
    "west": 78.75,
    "east": 90.0,
    "north": 31.952162238024968,
    "south": 21.943045533438177
  },
  "data_file": "13.dem.bin"
}