{
  "format": "float32_le",
  "source": "terrarium",
  "z": 5,
  "x": 30,
  "y": 14,
  "width": 256,
  "height": 256,
  "min_elevation_m": -6801.0,
  "max_elevation_m": 372.0,
  "bounds": {
    "west": 157.5,
    "east": 168.75,
    "north": 21.943045533438177,
    "south": 11.178401873711781
  },
  "data_file": "14.dem.bin"
}