{
  "format": "float32_le",
  "source": "terrarium",
  "z": 5,
  "x": 24,
  "y": 11,
  "width": 256,
  "height": 256,
  "min_elevation_m": 70.0,
  "max_elevation_m": 4241.0,
  "bounds": {
    "west": 90.0,
    "east": 101.25,
    "north": 48.92249926375824,
    "south": 40.97989806962013
  },
  "data_file": "11.dem.bin"
}