{
  "format": "float32_le",
  "source": "terrarium",
  "z": 5,
  "x": 24,
  "y": 13,
  "width": 256,
  "height": 256,
  "min_elevation_m": -38.0,
  "max_elevation_m": 6553.0,
  "bounds": {
    "west": 90.0,
    "east": 101.25,
    "north": 31.952162238024968,
    "south": 21.943045533438177
  },
  "data_file": "13.dem.bin"
}