{
  "format": "float32_le",
  "source": "terrarium",
  "z": 7,
  "x": 89,
  "y": 51,
  "width": 256,
  "height": 256,
  "min_elevation_m": 160.0,
  "max_elevation_m": 4460.0,
  "bounds": {
    "west": 70.3125,
    "east": 73.125,
    "north": 34.30714385628804,
    "south": 31.952162238024968
  },
  "data_file": "51.dem.bin"
}