{
  "format": "float32_le",
  "source": "terrarium",
  "z": 7,
  "x": 89,
  "y": 53,
  "width": 256,
  "height": 256,
  "min_elevation_m": 72.0,
  "max_elevation_m": 333.0,
  "bounds": {
    "west": 70.3125,
    "east": 73.125,
    "north": 29.535229562948455,
    "south": 27.059125784374054
  },
  "data_file": "53.dem.bin"
}