{
  "format": "float32_le",
  "source": "terrarium",
  "z": 8,
  "x": 181,
  "y": 102,
  "width": 256,
  "height": 256,
  "min_elevation_m": 397.0,
  "max_elevation_m": 5960.0,
  "bounds": {
    "west": 74.53125,
    "east": 75.9375,
    "north": 34.30714385628804,
    "south": 33.137551192346145
  },
  "data_file": "102.dem.bin"
}