{
  "format": "float32_le",
  "source": "terrarium",
  "z": 8,
  "x": 181,
  "y": 103,
  "width": 256,
  "height": 256,
  "min_elevation_m": 175.0,
  "max_elevation_m": 4315.0,
  "bounds": {
    "west": 74.53125,
    "east": 75.9375,
    "north": 33.137551192346145,
    "south": 31.952162238024968
  },
  "data_file": "103.dem.bin"
}