{
  "format": "float32_le",
  "source": "terrarium",
  "z": 12,
  "x": 2937,
  "y": 1672,
  "width": 256,
  "height": 256,
  "min_elevation_m": 2523.0,
  "max_elevation_m": 5009.0,
  "bounds": {
    "west": 78.134765625,
    "east": 78.22265625,
    "north": 31.353636941501,
    "south": 31.278550858946517
  },
  "data_file": "1672.dem.bin"
}