{
  "format": "float32_le",
  "source": "terrarium",
  "z": 12,
  "x": 2937,
  "y": 1673,
  "width": 256,
  "height": 256,
  "min_elevation_m": 2323.0,
  "max_elevation_m": 4611.0,
  "bounds": {
    "west": 78.134765625,
    "east": 78.22265625,
    "north": 31.278550858946517,
    "south": 31.203404950917392
  },
  "data_file": "1673.dem.bin"
}