{
  "format": "float32_le",
  "source": "terrarium",
  "z": 12,
  "x": 2937,
  "y": 1674,
  "width": 256,
  "height": 256,
  "min_elevation_m": 2051.0,
  "max_elevation_m": 3997.0,
  "bounds": {
    "west": 78.134765625,
    "east": 78.22265625,
    "north": 31.203404950917392,
    "south": 31.12819929911197
  },
  "data_file": "1674.dem.bin"
}