{
  "format": "float32_le",
  "source": "terrarium",
  "z": 5,
  "x": 21,
  "y": 12,
  "width": 256,
  "height": 256,
  "min_elevation_m": -60.0,
  "max_elevation_m": 4013.0,
  "bounds": {
    "west": 56.25,
    "east": 67.5,
    "north": 40.97989806962013,
    "south": 31.952162238024968
  },
  "data_file": "12.dem.bin"
}