{
  "format": "float32_le",
  "source": "terrarium",
  "z": 5,
  "x": 21,
  "y": 13,
  "width": 256,
  "height": 256,
  "min_elevation_m": -4392.0,
  "max_elevation_m": 3884.0,
  "bounds": {
    "west": 56.25,
    "east": 67.5,
    "north": 31.952162238024968,
    "south": 21.943045533438177
  },
  "data_file": "13.dem.bin"
}