{
  "format": "float32_le",
  "source": "terrarium",
  "z": 5,
  "x": 21,
  "y": 14,
  "width": 256,
  "height": 256,
  "min_elevation_m": -5266.0,
  "max_elevation_m": 263.0,
  "bounds": {
    "west": 56.25,
    "east": 67.5,
    "north": 21.943045533438177,
    "south": 11.178401873711781
  },
  "data_file": "14.dem.bin"
}