{
  "format": "float32_le",
  "source": "terrarium",
  "z": 5,
  "x": 29,
  "y": 12,
  "width": 256,
  "height": 256,
  "min_elevation_m": -6408.0,
  "max_elevation_m": -1254.0,
  "bounds": {
    "west": 146.25,
    "east": 157.5,
    "north": 40.97989806962013,
    "south": 31.952162238024968
  },
  "data_file": "12.dem.bin"
}