{
  "format": "float32_le",
  "source": "terrarium",
  "z": 8,
  "x": 180,
  "y": 103,
  "width": 256,
  "height": 256,
  "min_elevation_m": 104.0,
  "max_elevation_m": 1104.0,
  "bounds": {
    "west": 73.125,
    "east": 74.53125,
    "north": 33.137551192346145,
    "south": 31.952162238024968
  },
  "data_file": "103.dem.bin"
}