{
  "format": "float32_le",
  "source": "terrarium",
  "z": 8,
  "x": 180,
  "y": 104,
  "width": 256,
  "height": 256,
  "min_elevation_m": 38.0,
  "max_elevation_m": 257.0,
  "bounds": {
    "west": 73.125,
    "east": 74.53125,
    "north": 31.952162238024968,
    "south": 30.751277776257812
  },
  "data_file": "104.dem.bin"
}