{
  "format": "float32_le",
  "source": "terrarium",
  "z": 8,
  "x": 180,
  "y": 105,
  "width": 256,
  "height": 256,
  "min_elevation_m": 147.0,
  "max_elevation_m": 330.0,
  "bounds": {
    "west": 73.125,
    "east": 74.53125,
    "north": 30.751277776257812,
    "south": 29.535229562948455
  },
  "data_file": "105.dem.bin"
}