{
  "format": "float32_le",
  "source": "terrarium",
  "z": 8,
  "x": 180,
  "y": 106,
  "width": 256,
  "height": 256,
  "min_elevation_m": 135.0,
  "max_elevation_m": 290.0,
  "bounds": {
    "west": 73.125,
    "east": 74.53125,
    "north": 29.535229562948455,
    "south": 28.304380682962773
  },
  "data_file": "106.dem.bin"
}