{
  "format": "float32_le",
  "source": "terrarium",
  "z": 8,
  "x": 180,
  "y": 108,
  "width": 256,
  "height": 256,
  "min_elevation_m": 184.0,
  "max_elevation_m": 798.0,
  "bounds": {
    "west": 73.125,
    "east": 74.53125,
    "north": 27.059125784374054,
    "south": 25.799891182088317
  },
  "data_file": "108.dem.bin"
}