{
  "format": "float32_le",
  "source": "terrarium",
  "z": 5,
  "x": 20,
  "y": 14,
  "width": 256,
  "height": 256,
  "min_elevation_m": -5205.0,
  "max_elevation_m": 2343.0,
  "bounds": {
    "west": 45.0,
    "east": 56.25,
    "north": 21.943045533438177,
    "south": 11.178401873711781
  },
  "data_file": "14.dem.bin"
}