{
  "format": "float32_le",
  "source": "terrarium",
  "z": 11,
  "x": 1466,
  "y": 835,
  "width": 256,
  "height": 256,
  "min_elevation_m": 1010.0,
  "max_elevation_m": 4302.0,
  "bounds": {
    "west": 77.6953125,
    "east": 77.87109375,
    "north": 31.503629305773018,
    "south": 31.353636941501
  },
  "data_file": "835.dem.bin"
}