{
  "format": "float32_le",
  "source": "terrarium",
  "z": 11,
  "x": 1466,
  "y": 836,
  "width": 256,
  "height": 256,
  "min_elevation_m": 1525.0,
  "max_elevation_m": 4296.0,
  "bounds": {
    "west": 77.6953125,
    "east": 77.87109375,
    "north": 31.353636941501,
    "south": 31.203404950917392
  },
  "data_file": "836.dem.bin"
}