{
  "format": "float32_le",
  "source": "terrarium",
  "z": 11,
  "x": 1466,
  "y": 837,
  "width": 256,
  "height": 256,
  "min_elevation_m": 1214.0,
  "max_elevation_m": 3421.0,
  "bounds": {
    "west": 77.6953125,
    "east": 77.87109375,
    "north": 31.203404950917392,
    "south": 31.05293398570515
  },
  "data_file": "837.dem.bin"
}