{
  "format": "float32_le",
  "source": "terrarium",
  "z": 9,
  "x": 363,
  "y": 211,
  "width": 256,
  "height": 256,
  "min_elevation_m": 204.0,
  "max_elevation_m": 247.0,
  "bounds": {
    "west": 75.234375,
    "east": 75.9375,
    "north": 30.145127183376115,
    "south": 29.535229562948455
  },
  "data_file": "211.dem.bin"
}