{
  "format": "float32_le",
  "source": "terrarium",
  "z": 9,
  "x": 363,
  "y": 212,
  "width": 256,
  "height": 256,
  "min_elevation_m": 197.0,
  "max_elevation_m": 234.0,
  "bounds": {
    "west": 75.234375,
    "east": 75.9375,
    "north": 29.535229562948455,
    "south": 28.9216312824213
  },
  "data_file": "212.dem.bin"
}