{
  "format": "float32_le",
  "source": "terrarium",
  "z": 9,
  "x": 364,
  "y": 207,
  "width": 256,
  "height": 256,
  "min_elevation_m": 310.0,
  "max_elevation_m": 5194.0,
  "bounds": {
    "west": 75.9375,
    "east": 76.640625,
    "north": 32.54681317351515,
    "south": 31.952162238024968
  },
  "data_file": "207.dem.bin"
}