{
  "format": "float32_le",
  "source": "terrarium",
  "z": 9,
  "x": 364,
  "y": 208,
  "width": 256,
  "height": 256,
  "min_elevation_m": 262.0,
  "max_elevation_m": 1125.0,
  "bounds": {
    "west": 75.9375,
    "east": 76.640625,
    "north": 31.952162238024968,
    "south": 31.353636941501
  },
  "data_file": "208.dem.bin"
}