{
  "format": "float32_le",
  "source": "terrarium",
  "z": 9,
  "x": 364,
  "y": 209,
  "width": 256,
  "height": 256,
  "min_elevation_m": 238.0,
  "max_elevation_m": 1145.0,
  "bounds": {
    "west": 75.9375,
    "east": 76.640625,
    "north": 31.353636941501,
    "south": 30.751277776257812
  },
  "data_file": "209.dem.bin"
}