{
  "format": "float32_le",
  "source": "terrarium",
  "z": 5,
  "x": 27,
  "y": 11,
  "width": 256,
  "height": 256,
  "min_elevation_m": -3832.0,
  "max_elevation_m": 2346.0,
  "bounds": {
    "west": 123.75,
    "east": 135.0,
    "north": 48.92249926375824,
    "south": 40.97989806962013
  },
  "data_file": "11.dem.bin"
}