{
  "format": "float32_le",
  "source": "terrarium",
  "z": 5,
  "x": 27,
  "y": 12,
  "width": 256,
  "height": 256,
  "min_elevation_m": -4855.0,
  "max_elevation_m": 2075.0,
  "bounds": {
    "west": 123.75,
    "east": 135.0,
    "north": 40.97989806962013,
    "south": 31.952162238024968
  },
  "data_file": "12.dem.bin"
}